objectid,parentid,title,creator,date,date-is-approximate?,description,subject,location,latitude,longitude,source,identifier,type,format,language,rights,rightsstatement,display_template,object_location,image_small,image_thumb,image_alt_text,object_transcript
digital_benin,,Digital Benin,Digital Benin,,,"Community-centered knowledge production about stolen cultural heritage, using multiple forms and presentations of knowledge and local-language metadata terminology (oral history, storytelling, critical reflections on metadata and archiving). R",digital project; digital archive; examp;e; aggregation; Indigenous knowledge; multilingual ; metadata,,,,https://digitalbenin.org/,,InteractiveResource,text/html,,Refer to source site for rights; screenshots used for educational workshop reference.,,image,/objects/screenshots/digital_benin.jpg,/objects/small/digital_benin_sm.jpg,/objects/thumbs/digital_benin_th.jpg,Screenshot of the Digital Benin homepage,
mukurtu,,Mukurtu CMS,"Mukurtu / Center for Digital Scholarship and Curation, Washington State University",,,"A content management system designed for Indigenous collections, supporting community protocols for access and description. ",digital project; CMS; digital tools,,,,https://mukurtu.org/,,Software,text/html,,Refer to source site for rights; screenshots used for educational workshop reference.,,image,/objects/screenshots/mukurtu.jpg,/objects/small/mukurtu_sm.jpg,/objects/thumbs/mukurtu_th.jpg,Screenshot of the Mukurtu CMS homepage,
whose_knowledge_dti,,Whose Knowledge? — Decolonizing the Internet’s Structured Data Report,Whose Knowledge?,,,"Report and resource on decolonizing structured data on the internet, from Whose Knowledge?.",design; metadata; resource; citation,,,,https://whoseknowledge.org/resource/dti-structured-data-report/,,Text,text/html,,Refer to source site for rights; screenshots used for educational workshop reference.,,image,/objects/screenshots/whoseknowledge.png,,,,
niiwin,,Niiwin,Niiwin,,,Indigenous data sovereignty software.,digital project; software; digital tool; design; resource,,,,https://niiwin.app/,,Software,text/html,,Refer to source site for rights; screenshots used for educational workshop reference.,,image,/objects/screenshots/niiwin.jpg,/objects/small/niiwin_sm.jpg,/objects/thumbs/niiwin_th.jpg,Screenshot of the Niiwin app homepage,
rrn,,Reciprocal Research Network (RRN),Musqueam Indian Band; Stó:lō Nation/Tribal Council; U’mista Cultural Society; Museum of Anthropology at UBC,,,"A collaborative online research tool for Northwest Coast First Nations cultural heritage held across partner institutions. Supports reciprocal research between communities, researchers, and museums.",digital project; digital archive; aggregation; example; documentation,,,,https://www.rrncommunity.org/,,InteractiveResource,text/html,,Refer to source site for rights; screenshots used for educational workshop reference.,,image,/objects/screenshots/rrn.png,/objects/small/rrn_sm.jpg,/objects/thumbs/rrn_th.jpg,Screenshot of the Reciprocal Research Network homepage,
design_justice,,Design Justice (MIT Press open access book),"Costanza-Chock, Sasha / Design Justice Network",,,Open-access book on design justice for digital tools and systems. A touchstone for thinking about who design processes center and exclude.,resource; design; citation,,,,https://designjustice.mitpress.mit.edu/,,Text,text/html,,Refer to source site for rights; screenshots used for educational workshop reference.,,image,/objects/screenshots/design_justice.png,/objects/small/design_justice_sm.jpg,/objects/thumbs/design_justice_th.jpg,Screenshot of the Design Justice open-access book site,
calisphere,,Calisphere,California Digital Library / University of California,,,"A repository aggregating resources from many memory organizations in California, with substantial documentation of process and practice.",digital project; digital archive; aggregation; example; documentation,,,,https://calisphere.org/overview/,,InteractiveResource,text/html,,Refer to source site for rights; screenshots used for educational workshop reference.,,image,/objects/screenshots/calisphere.png,,,Screenshot of the Calisphere overview page,
rikolti,,Rikolti (Calisphere 2.0 harvester),University of California Libraries,,,Open-source harvester powering Calisphere 2.0 metadata aggregation across contributing institutions.,digital project; digital tool repository aggregator; open source; example,,,,https://github.com/ucldc/rikolti,,Software,text/html,,Refer to source site for rights; screenshots used for educational workshop reference.,,image,/objects/screenshots/rikolti.jpg,/objects/small/rikolti_sm.jpg,/objects/thumbs/rikolti_th.jpg,Screenshot of the Rikolti GitHub repository,
sssom,,SSSOM — Simple Standard for Sharing Ontological Mappings,Mapping Commons / SSSOM community,,,A community-driven standard designed to facilitate the exchange and integration of semantic entity mappings. Encountered via Digital Scriptorium's work on inter-relating data mappings.,digital project; ontology; metadata standard; semantic mapping; controlled vocabulary; digital tool,,,,https://mapping-commons.github.io/sssom/,,Software,text/html,,Refer to source site for rights; screenshots used for educational workshop reference.,,image,/objects/screenshots/sssom.jpg,/objects/small/sssom_sm.jpg,/objects/thumbs/sssom_th.jpg,Screenshot of the SSSOM documentation site,
yamz,,YAMZ,YAMZ,,,"YAMZ (pronounced ""yams"") is an open vocabulary of metadata terms from all domains and from all parts of ""metadata speech.""",digital project; digital tool; controlled vocabulary; open vocabulary,,,,https://yamz.net/,,Software,text/html,,Refer to source site for rights; screenshots used for educational workshop reference.,,image,/objects/screenshots/yamz.jpg,/objects/small/yamz_sm.jpg,/objects/thumbs/yamz_th.jpg,Screenshot of the YAMZ homepage,
black_publishing,,Black Self-Publishing — Methodology (American Antiquarian Society),American Antiquarian Society,,,"Methodology writing on how the project determined keywords, searching, and decisions about inclusion in a digital collection of Black self-publishing.",digital project; digital archive; methodology; keywording; example; controlled vocabulary,,,,https://collections.americanantiquarian.org/blackpublishing/methodology,,InteractiveResource,text/html,,Refer to source site for rights; screenshots used for educational workshop reference.,,image,/objects/screenshots/black_publishing.jpg,/objects/small/black_publishing_sm.jpg,/objects/thumbs/black_publishing_th.jpg,Screenshot of the Black Self-Publishing methodology page,
digital_scriptorium,,Digital Scriptorium — About / Data Model,Digital Scriptorium,,,Documentation of Digital Scriptorium's data model and how it brings together metadata from various repositories and layers it.,digital project; digital archive; data model; aggregation; controlled vocabulary,,,,https://digital-scriptorium.org/about/about-ds/,,InteractiveResource,text/html,,Refer to source site for rights; screenshots used for educational workshop reference.,,image,/objects/screenshots/digital_scriptorium.jpg,/objects/small/digital_scriptorium_sm.jpg,/objects/thumbs/digital_scriptorium_th.jpg,Screenshot of the Digital Scriptorium About page,
gender_network,,gender.network,gender.network,,,A manually aggregated archive of trans zine culture.,digital project; digital archive; example; aggregation; visualization,,,,https://gender.network/about,,InteractiveResource,text/html,,Refer to source site for rights; screenshots used for educational workshop reference.,,image,/objects/screenshots/gender_network.jpg,/objects/small/gender_network_sm.jpg,/objects/thumbs/gender_network_th.jpg,Screenshot of the gender.network about page,
on_these_grounds,,On These Grounds — Descriptive Model,On These Grounds,,,"Data model, descriptive model, and controlled vocabularies framed theoretically, with writing about implementing the model in Omeka S. A touchstone for making sense of controlled vocabularies mid-project. Aims to create, evaluate, revise, and disseminate a LOD ontology focused on adequately describing the lived experiences of enslaved individuals who labored in bondage at higher education institutions; create resources enabling other colleges and universities to undertake this work; and aggregate resulting data to increase discoverability and foster new scholarship.",digital project; example; controlled vocabulary; data model; documentation,,,,https://onthesegrounds.org/s/OTG/page/descriptive-model,,InteractiveResource,text/html,,Refer to source site for rights; screenshots used for educational workshop reference.,,image,/objects/screenshots/on_these_grounds.jpg,/objects/small/on_these_grounds_sm.jpg,/objects/thumbs/on_these_grounds_th.jpg,Screenshot of the On These Grounds descriptive model page,
rhizome_object,,Rhizome — archived public art / VR-related object,Rhizome,,,Archived Rhizome object page (web.archive.org capture). Cited as a touchstone for Sara alongside e-artexte and Flourish when going into the project.,digital project; new media archive; digital archive; example;  repository,,,,https://web.archive.org/web/20100429114826/http://rhizome.org/object.php?49840,,InteractiveResource,text/html,,Refer to source site for rights; screenshots used for educational workshop reference.,,image,/objects/screenshots/rhizome.png,,,Screenshot of an archived Rhizome object page,
blackity,,Blackity (Artexte),Artexte,,,,digital project; digital archive; documentation; Black art; example,,,,https://www.artexte.art/en/blackity,,InteractiveResource,text/html,,Refer to source site for rights; screenshots used for educational workshop reference.,,image,/objects/screenshots/blackity.jpg,/objects/small/blackity_sm.jpg,/objects/thumbs/blackity_th.jpg,Screenshot of the Blackity project page on Artexte,
e_artexte,,e-artexte,Artexte,,,,digital project; digital archive; documentation; repository; example; data model,,,,https://e-artexte.ca/information.html,,InteractiveResource,text/html,,Refer to source site for rights; screenshots used for educational workshop reference.,,image,/objects/screenshots/e_artexte.jpg,/objects/small/e_artexte_sm.jpg,/objects/thumbs/e_artexte_th.jpg,Screenshot of the e-artexte information page,
flourish,,Flourish — data visualization examples,,,,Data visualization example gallery.,data visualization; digital tools,,,,https://flourish.studio/examples/,,Software,text/html,,Refer to source site for rights; screenshots used for educational workshop reference.,,image,/objects/screenshots/flourish.jpg,/objects/small/flourish_sm.jpg,/objects/thumbs/flourish_th.jpg,Screenshot of the Flourish examples gallery,
gent_gemapt,,Gent Gemapt (kaart.gentgemapt.be),Gent Gemapt,,,A site that uses both a timeline and a map as navigation tools over a digital collection.,digital project; digital archive; map; timeline; data visualization; example,,,,https://kaart.gentgemapt.be/,,InteractiveResource,text/html,,Refer to source site for rights; screenshots used for educational workshop reference.,,image,/objects/screenshots/gent_gemapt.jpg,/objects/small/gent_gemapt_sm.jpg,/objects/thumbs/gent_gemapt_th.jpg,Screenshot of the Gent Gemapt map/timeline interface,
printed_matter,,Printed Matter — catalog item (data model reference),"Printed Matter, Inc.",,,Example catalog record illustrating Printed Matter's data model and  impactful website design for artists' books and publications.,digital project; example; data model; repository,,,,https://www.printedmatter.org/catalog/71513,,InteractiveResource,text/html,,Refer to source site for rights; screenshots used for educational workshop reference.,,image,/objects/screenshots/printed_matter.png,/objects/small/printed_matter_sm.jpg,/objects/thumbs/printed_matter_th.jpg,Screenshot of a Printed Matter catalog record page,
fire_lines,,Fire Lines,"Center for Digital Inquiry and Learning (CDIL), University of Idaho",,,CollectionBuilder digital collection / exhibit.,digital project; digital archive; exhibit; data visualization; example,,,,https://cdil.lib.uidaho.edu/fire-lines/,,InteractiveResource,text/html,,Refer to source site for rights; screenshots used for educational workshop reference.,,image,/objects/screenshots/fire_lines.jpg,/objects/small/fire_lines_sm.jpg,/objects/thumbs/fire_lines_th.jpg,Screenshot of the Fire Lines CollectionBuilder site,